{
  "GW190704_104834": {
    "tgps": 1246272532.6813965,
    "bank_id": [
      0,
      0
    ],
    "snr2_H1": 47.02046558442889,
    "snr2_L1": 32.095093074607206,
    "ifar_years": 2.846027397260274,
    "ranking_score": 4.18207965329184,
    "pastro": 0.8099504599564218,
    "m1": 8.426145248063229,
    "m2": 3.378584983664438,
    "s1z": 0.5686733782043143,
    "s2z": -0.9302565955121731,
    "maximization_pars": {
      "m1": 10.49787197029793,
      "m2": 2.853467730235623,
      "vphi": 5.6106648762799916,
      "iota": 0.6609165648058506,
      "ra": 0.24851539658862976,
      "dec": -0.9676079809642705,
      "t_geocenter": 0.23415316074210196,
      "psi": 2.186908979653932,
      "d_luminosity": 321.14768588710047,
      "s1z": 0.288438967949955,
      "s2z": 0.7452183584792397,
      "s1x": 0.01792662174276843,
      "s1y": -0.3491751398190407,
      "s2x": -0.4902216451960424,
      "s2y": 0.16416651815480154,
      "l1": 0,
      "l2": 0
    }
  },
  "GW190920_113516": {
    "tgps": 1253014534.7392578,
    "bank_id": [
      0,
      0
    ],
    "snr2_H1": 26.356908053055037,
    "snr2_L1": 48.02033633302253,
    "ifar_years": 0.5633972602739725,
    "ranking_score": 1.226100618468486,
    "pastro": 0.5664291278058593,
    "m1": 6.693426443308614,
    "m2": 3.6008336044171765,
    "s1z": 0.627898961019492,
    "s2z": 0.6518431094342942,
    "maximization_pars": {
      "m1": 19.184383287401275,
      "m2": 1.6092298619730936,
      "vphi": 3.1423905478853387,
      "iota": 0.6947709496278338,
      "ra": 4.581327369785171,
      "dec": 0.6952822131244832,
      "t_geocenter": 0.2889950734063207,
      "psi": 0.7372861702773505,
      "d_luminosity": 345.893363805553,
      "s1z": 0.8137431441018198,
      "s2z": -0.2812212199350801,
      "s1x": 0.4624992572984733,
      "s1y": -0.19417825421822382,
      "s2x": 0.5861886185787262,
      "s2y": -0.7377639774971906,
      "l1": 0,
      "l2": 0
    }
  },
  "GW190821_124821": {
    "tgps": 1250426919.9362793,
    "bank_id": [
      1,
      0
    ],
    "snr2_H1": 28.13548450757355,
    "snr2_L1": 49.39025507474869,
    "ifar_years": 0.7115068493150685,
    "ranking_score": 1.569246155553163,
    "pastro": 0.5997815328019933,
    "m1": 6.596192010133173,
    "m2": 6.246802838039834,
    "s1z": -0.9239481070894373,
    "s2z": -0.1359608027562852,
    "maximization_pars": {
      "m1": 19.360792721489094,
      "m2": 2.5565634167579865,
      "vphi": 5.393177785240757,
      "iota": 2.386812919150463,
      "ra": 2.0099379174002365,
      "dec": 0.9265239770189927,
      "t_geocenter": 0.15644870400316732,
      "psi": 0.17855845928786707,
      "d_luminosity": 517.0323502364803,
      "s1z": 0.31000705630557124,
      "s2z": -0.9714423706624765,
      "s1x": -0.8772200256311427,
      "s1y": -0.3630528812392862,
      "s2x": 0.13025713281024712,
      "s2y": -0.13659038006762939,
      "l1": 0,
      "l2": 0
    }
  },
  "GW190910_012619": {
    "tgps": 1252113997.213623,
    "bank_id": [
      1,
      1
    ],
    "snr2_H1": 35.73976738303917,
    "snr2_L1": 32.11916290315326,
    "ifar_years": 0.6476164383561643,
    "ranking_score": 1.4034901358273686,
    "pastro": 0.5837659726724294,
    "m1": 47.86381531090157,
    "m2": 3.0425306660252582,
    "s1z": -0.5349077373221287,
    "s2z": 0.0644384724929139,
    "maximization_pars": {
      "m1": 38.19361750871286,
      "m2": 3.615912775487802,
      "vphi": 4.391929924710801,
      "iota": 2.5838280490018466,
      "ra": 5.293631694420803,
      "dec": 0.805033471413186,
      "t_geocenter": 0.053066990346010354,
      "psi": 0.3358905063588722,
      "d_luminosity": 624.6122375900861,
      "s1z": -0.8470518814230681,
      "s2z": -0.6705109061585548,
      "s1x": -0.377777178465967,
      "s1y": 0.02804198376513965,
      "s2x": -0.34720402136153256,
      "s2y": -0.43134721329613784,
      "l1": 0,
      "l2": 0
    }
  },
  "GW190718_160159": {
    "tgps": 1247500937.308838,
    "bank_id": [
      1,
      0
    ],
    "snr2_H1": 23.452967696233408,
    "snr2_L1": 47.64556246668742,
    "ifar_years": 0.4762739726027396,
    "ranking_score": 0.8768953909507253,
    "pastro": 0.5318604244528328,
    "m1": 37.78115509078296,
    "m2": 4.089504668537404,
    "s1z": 0.9282122516627254,
    "s2z": 0.8340642985124618,
    "maximization_pars": {
      "m1": 13.837806437153233,
      "m2": 7.913403349337225,
      "vphi": 1.3393313410868875,
      "iota": 1.9558149799774243,
      "ra": 1.5185386253076416,
      "dec": 1.1575639821960462,
      "t_geocenter": 0.10231228879133589,
      "psi": 0.6513915315169356,
      "d_luminosity": 726.8907186036388,
      "s1z": 0.989750699095983,
      "s2z": -0.014997540824231737,
      "s1x": -0.0026347407750004414,
      "s1y": -0.07276468163835857,
      "s2x": -0.36469025234192637,
      "s2y": -0.7044451902395562,
      "l1": 0,
      "l2": 0
    }
  },
  "GW190711_030756": {
    "tgps": 1246849694.6340332,
    "bank_id": [
      3,
      1
    ],
    "snr2_H1": 19.84307279083836,
    "snr2_L1": 60.682839681047916,
    "ifar_years": 11.169205479452055,
    "ranking_score": 6.907003135236378,
    "pastro": 0.9268756300213746,
    "m1": 71.647517419968,
    "m2": 17.86537128019192,
    "s1z": -0.5965437951313812,
    "s2z": 0.4229508116396763,
    "maximization_pars": {
      "m1": 71.27131546831451,
      "m2": 22.435777026278064,
      "vphi": 3.172615996782411,
      "iota": 1.3851526062258965,
      "ra": 3.97720157603446,
      "dec": -0.6545291695483962,
      "t_geocenter": 0.012824573851231466,
      "psi": 2.2066303702034284,
      "d_luminosity": 230.26565719108171,
      "s1z": -0.5860681549731264,
      "s2z": 0.22061459036146097,
      "s1x": 0.11312344694234275,
      "s1y": 0.2460065759984056,
      "s2x": -0.4280471289133774,
      "s2y": -0.858089040701846,
      "l1": 0,
      "l2": 0
    }
  },
  "GW190906_054335": {
    "tgps": 1251783833.5131836,
    "bank_id": [
      3,
      1
    ],
    "snr2_H1": 23.62820361985769,
    "snr2_L1": 38.116101897459764,
    "ifar_years": 0.7318356164383562,
    "ranking_score": 1.6436061968383324,
    "pastro": 0.6068997440134968,
    "m1": 74.56250641723878,
    "m2": 9.474488484726631,
    "s1z": -0.31152176463468295,
    "s2z": -0.9704063453884056,
    "maximization_pars": {
      "m1": 78.39199092638458,
      "m2": 19.286800881508817,
      "vphi": 2.7583317957075555,
      "iota": 0.22064780463978195,
      "ra": 0.5685050077782421,
      "dec": 1.277844024772482,
      "t_geocenter": 0.02385793501516246,
      "psi": 0.3607345763621357,
      "d_luminosity": 2682.557147071465,
      "s1z": 0.05350367404161013,
      "s2z": 0.13305257057592557,
      "s1x": -0.32086558178591634,
      "s1y": 0.35658159487454166,
      "s2x": -0.0024210827016837313,
      "s2y": 0.7688565114134769,
      "l1": 0,
      "l2": 0
    }
  },
  "GW190707_083226": {
    "tgps": 1246523564.947998,
    "bank_id": [
      4,
      2
    ],
    "snr2_H1": 37.04041406826271,
    "snr2_L1": 31.522880345139782,
    "ifar_years": 23.232876712328764,
    "ranking_score": 7.237257393690436,
    "pastro": 0.9353395209378722,
    "m1": 74.93855275800966,
    "m2": 47.77188990692334,
    "s1z": -0.8716318585316185,
    "s2z": 0.7164740038641995,
    "maximization_pars": {
      "m1": 92.5266564089886,
      "m2": 23.811475988029244,
      "vphi": 0.8190878281892322,
      "iota": 1.7198326202248273,
      "ra": 1.5629793536761483,
      "dec": -1.5269969170714655,
      "t_geocenter": -0.010778789155047888,
      "psi": 0.36768817315976277,
      "d_luminosity": 556.3541296462585,
      "s1z": -0.553392302740153,
      "s2z": 0.0844528035546278,
      "s1x": -0.28990242497287866,
      "s1y": 0.08972980066633715,
      "s2x": -0.11849170430644729,
      "s2y": 0.7541858067722859,
      "l1": 0,
      "l2": 0
    }
  },
  "GW190818_232544": {
    "tgps": 1250205962.3308105,
    "bank_id": [
      4,
      3
    ],
    "snr2_H1": 33.03629998715068,